{"1": [1020.1145483714231, 11900582.524811633], "2": [916.9199999999998, 3.915374691132462e-09], "3": [1020.1145483253804, 3195415.542111913], "5": [1289.5000006787948, 0.002484723998141886], "6": [1028.8000000004367, 4.784942575489823e-05], "4": [1020.1145482958402, 1944938.7994101753]}