{"1": [1058.1398038514967, 11139907.972667798], "3": [1058.2860100800222, 3071783.669208161], "5": [1290.2424717951458, 2616.830817098205], "6": [1058.2141941951909, 2822768.411049171]}