{"3": [1058.2860100800222, 3071783.669208161], "5": [1290.2424717951458, 2616.830817098205], "4": [1058.3956840929677, 1837957.9085967378]}