{"4": [1031.3841293521714, 1915291.020768691], "6": [1071.6590857583624, 3904663.899986835], "5": [1289.5006945190303, 2.5123746713397046]}