{"1": [1071.6590362222116, 10835995.61348083], "5": [1289.5006945190303, 2.5123746713397046], "6": [1071.6590857583624, 3904663.899986835]}