{"2": [916.9200000000001, 0.0], "4": [1031.3841293521714, 1915291.020768691], "3": [1031.384029058776, 3166460.758513067]}