{"1": [1058.1398038514967, 11139907.972667798], "3": [1058.2860100800222, 3071783.669208161], "2": [916.9200000000001, 0.0]}