{"3": [1031.384029058776, 3166460.758513067], "5": [1289.5006945190303, 2.5123746713397046], "4": [1031.3841293521714, 1915291.020768691]}