{"2": [916.9200000000001, 0.0], "6": [1071.6590857583624, 3904663.899986835], "1": [1071.6590362222116, 10835995.61348083]}