{"2": [916.9200000000001, 0.0], "4": [1058.3956840929677, 1837957.9085967378], "6": [1058.2141941951909, 2822768.411049171], "3": [1058.2860100800222, 3071783.669208161]}