{"4": [1058.3956840929677, 1837957.9085967378], "6": [1058.2141941951909, 2822768.411049171], "5": [1290.2424717951458, 2616.830817098205]}