{"2": [916.9200000000001, 0.0], "6": [1058.2141941951909, 2822768.411049171], "1": [1058.1398038514967, 11139907.972667798]}