{"2": [916.9200000000001, 0.0], "3": [1058.8854427300453, 3069286.131116976], "4": [1058.8854499887916, 1836477.1405635441], "5": [1289.5001205449112, 0.44088108588919217], "6": [1058.8854419672507, 2879792.8420931203], "1": [1058.885447566698, 11123541.964665612]}