{"1": [1071.6590362222116, 10835995.61348083], "3": [1031.384029058776, 3166460.758513067], "2": [916.9200000000001, 0.0]}